id_stock,id_tienda,id_producto,cantidad,descuento
0,0,2338,68,99
1,0,751,86,0
2,0,208,94,90
3,0,3183,99,50
4,0,99,54,99
5,0,403,88,80
6,0,493,69,90
7,0,1838,92,99
8,0,1831,78,25
9,0,1117,92,0
10,0,2809,66,25
11,0,462,69,75
12,0,3388,73,99
13,0,2073,79,25
14,0,954,51,80
15,0,596,88,50
16,0,3614,58,50
17,0,3576,60,0
18,0,1907,59,44
19,0,990,90,50
20,0,2587,91,90
21,0,1274,80,80
22,0,1788,73,25
23,0,455,56,0
24,0,2800,66,25
25,0,3685,97,44
26,1,2224,96,99
27,1,2187,53,90
28,1,2779,66,99
29,1,2001,78,75
30,1,33,77,25
31,1,1638,57,50
32,1,160,58,0
33,1,1782,88,50
34,1,276,71,50
35,1,1410,59,99
36,1,2389,98,90
37,1,2367,81,90
38,1,1560,60,0
39,1,1103,67,99
40,1,361,88,0
41,1,2103,77,80
42,1,3537,97,50
43,1,1947,68,80
44,1,1503,52,25
45,1,620,96,25
46,1,1686,56,44
47,1,492,70,75
48,1,1187,77,99
49,1,3550,69,75
50,1,1057,59,44
51,1,981,65,50
52,1,2516,80,75
53,1,2504,90,99
54,1,2185,84,80
55,10,1960,64,44
56,10,3660,53,25
57,10,2478,51,80
58,10,1204,78,25
59,10,2657,85,0
60,10,289,79,50
61,10,2971,57,75
62,10,359,72,90
63,10,3038,79,44
64,10,2694,98,99
65,10,194,65,0
66,10,680,85,25
67,10,3580,99,80
68,10,1471,78,80
69,10,1681,90,90
70,10,1073,54,0
71,10,1272,98,99
72,10,917,92,90
73,10,1094,71,99
74,10,221,79,25
75,10,697,70,99
76,10,1071,93,75
77,10,892,90,99
78,10,1684,70,25
79,10,3067,60,80
80,10,393,95,90
81,10,720,55,90
82,10,746,97,75
83,10,3395,60,0
84,100,1856,52,90
85,100,2407,51,80
86,100,388,87,44
87,100,1497,82,75
88,100,1603,89,99
89,100,1517,59,90
90,100,202,73,90
91,100,2207,55,44
92,100,1993,95,80
93,100,2146,51,0
94,100,943,60,80
95,100,898,61,50
96,100,3383,72,80
97,100,3379,70,25
98,100,2916,66,50
99,100,753,92,0
100,100,1988,65,99
101,100,871,87,80
102,100,2905,58,50
103,100,1388,61,25
104,100,1188,92,90
105,100,3175,95,99
106,100,3711,84,0
107,100,3595,88,50
108,100,1925,79,50
109,100,3514,78,90
110,100,1575,60,75
111,100,3051,64,80
112,100,2654,95,80
113,100,2966,62,25
114,101,180,90,80
115,101,2072,65,25
116,101,569,96,90
117,101,2343,80,75
118,101,3680,55,75
119,101,612,63,25
120,101,933,52,75
121,101,1264,74,75
122,101,2008,57,99
123,101,2589,71,25
124,101,1917,87,25
125,101,2824,73,50
126,101,1555,75,0
127,101,2952,97,25
128,101,2265,62,0
129,101,272,76,80
130,101,3224,91,75
131,101,2354,97,50
132,101,3650,54,80
133,101,1519,88,50
134,101,1253,80,90
135,101,3694,85,68
136,101,3433,99,75
137,101,2805,59,0
138,101,1306,59,25
139,101,34,90,44
140,101,589,64,80
141,101,3057,65,50
142,101,1128,89,75
143,101,2664,83,80
144,101,958,84,50
145,101,1000,78,99
146,101,3251,78,50
147,101,301,53,75
148,101,1056,83,50
149,101,3070,53,50
150,101,504,86,0
151,102,619,80,44
152,102,3567,88,50
153,102,962,66,0
154,102,1528,83,99
155,102,2368,80,99
156,102,1781,80,25
157,102,3392,54,50
158,102,3373,92,75
159,102,3707,86,25
160,102,3597,57,0
161,102,1058,51,44
162,102,2577,97,80
163,102,2071,60,90
164,102,3717,67,68
165,102,63,51,80
166,102,2477,86,75
167,102,2562,53,50
168,102,109,95,80
169,102,754,79,44
170,102,2095,73,50
171,102,2905,93,50
172,102,3062,84,50
173,102,1993,50,99
174,102,2787,78,90
175,102,213,54,80
176,102,469,61,25
177,102,57,57,75
178,102,1511,68,50
179,102,282,90,80
180,102,3122,54,50
181,102,1797,89,90
182,11,1371,100,50
183,11,2600,63,80
184,11,3411,88,90
185,11,3059,61,50
186,11,2144,71,0
187,11,2993,88,44
188,11,683,53,50
189,11,779,50,80
190,11,2131,72,25
191,11,3164,75,44
192,11,555,89,0
193,11,3030,92,80
194,11,2723,95,99
195,11,2861,65,80
196,11,1159,78,99
197,11,1191,72,0
198,11,3649,82,80
199,11,2083,51,75
200,11,1204,79,50
201,11,2509,60,0
202,11,2577,68,0
203,11,3700,84,0
204,11,444,88,25
205,11,664,80,0
206,11,1381,94,90
207,11,512,62,50
208,12,581,98,75
209,12,3668,75,80
210,12,2713,91,25
211,12,648,91,99
212,12,2249,63,25
213,12,3659,97,44
214,12,2323,92,99
215,12,949,61,25
216,12,2108,85,75
217,12,325,50,50
218,12,1056,57,80
219,12,1433,67,0
220,12,1073,83,75
221,12,3267,87,80
222,12,3697,78,44
223,12,3346,77,0
224,12,1161,87,0
225,12,3563,90,90
226,12,392,62,80
227,12,1460,77,99
228,12,3018,87,90
229,12,433,74,44
230,12,2384,67,0
231,12,1267,60,25
232,12,216,84,75
233,12,780,93,25
234,12,1248,67,25
235,12,2423,84,0
236,12,3450,72,25
237,12,1957,65,0
238,12,3017,70,50
239,12,3276,95,90
240,13,1445,96,0
241,13,201,55,50
242,13,2388,87,90
243,13,335,96,44
244,13,178,77,75
245,13,1301,70,25
246,13,2760,82,99
247,13,2407,63,44
248,13,1530,80,0
249,13,3028,87,50
250,13,1132,79,80
251,13,3258,74,90
252,13,2226,52,99
253,13,2364,87,90
254,13,3098,95,99
255,13,356,86,50
256,13,2590,76,99
257,13,3720,117,50
258,13,14,52,25
259,13,2721,82,80
260,13,509,69,25
261,13,3552,79,44
262,13,237,84,0
263,13,1560,55,99
264,13,166,77,90
265,13,3439,91,75
266,13,3168,72,0
267,13,921,81,99
268,13,963,79,75
269,13,2174,68,44
270,13,2642,65,44
271,13,2173,68,80
272,13,889,88,90
273,13,2762,71,0
274,14,3057,84,0
275,14,1508,57,0
276,14,947,61,44
277,14,1544,56,25
278,14,1182,70,90
279,14,622,77,99
280,14,3648,58,0
281,14,419,66,0
282,14,667,80,25
283,14,2926,79,75
284,14,27,98,0
285,14,3151,72,90
286,14,335,62,50
287,14,1075,65,25
288,14,1368,75,44
289,14,323,97,50
290,14,421,64,80
291,14,2192,87,99
292,14,2724,93,90
293,14,722,86,44
294,14,2397,92,25
295,14,2237,64,44
296,14,3543,61,99
297,14,1747,100,90
298,14,3029,85,50
299,14,1866,85,80
300,14,2656,73,75
301,15,694,71,90
302,15,2708,50,75
303,15,1245,52,44
304,15,3618,96,90
305,15,1482,99,0
306,15,614,75,0
307,15,585,57,99
308,15,1272,95,0
309,15,2673,91,0
310,15,1345,50,75
311,15,263,90,25
312,15,184,89,0
313,15,1565,89,50
314,15,2055,81,80
315,15,2023,62,25
316,15,3082,68,80
317,15,377,81,25
318,15,2138,100,25
319,15,1338,99,75
320,15,2541,80,44
321,15,3590,74,50
322,15,2962,99,99
323,15,2334,53,80
324,15,359,67,0
325,15,3057,93,44
326,16,563,66,44
327,16,1546,62,75
328,16,647,73,99
329,16,1169,72,75
330,16,3635,57,44
331,16,2291,92,90
332,16,997,82,80
333,16,2837,50,80
334,16,2720,63,75
335,16,426,73,44
336,16,2649,56,0
337,16,721,62,50
338,16,804,89,75
339,16,1484,74,50
340,16,2760,62,0
341,16,3297,98,0
342,16,3237,76,50
343,16,1603,94,25
344,17,641,66,99
345,17,1178,62,25
346,17,3366,79,50
347,17,3065,82,99
348,17,2103,98,44
349,17,891,89,99
350,17,2829,74,25
351,17,1622,67,44
352,17,822,62,90
353,17,3559,78,75
354,17,2929,87,50
355,17,1861,100,99
356,17,1181,76,44
357,17,68,91,50
358,17,1173,67,90
359,17,2156,67,75
360,17,2438,92,25
361,17,2837,51,50
362,17,591,66,44
363,17,2958,85,25
364,17,2823,57,25
365,17,634,86,0
366,17,935,92,25
367,17,436,86,80
368,17,427,60,80
369,17,2565,100,99
370,17,2782,57,80
371,17,279,98,25
372,18,2501,67,0
373,18,266,64,75
374,18,2386,100,75
375,18,748,75,75
376,18,1476,52,50
377,18,1009,72,75
378,18,1999,53,44
379,18,2692,77,75
380,18,1410,55,44
381,18,2093,83,99
382,18,3517,50,50
383,18,3565,58,0
384,18,897,95,80
385,18,3484,93,25
386,18,3242,68,44
387,18,111,99,50
388,18,2653,59,25
389,18,2365,75,99
390,18,524,92,50
391,18,1366,83,80
392,18,3636,79,90
393,18,2502,53,80
394,18,1706,59,0
395,18,1336,50,75
396,18,2113,65,99
397,18,2615,100,90
398,19,2712,92,80
399,19,2041,92,75
400,19,3584,71,90
401,19,1484,95,50
402,19,2213,57,50
403,19,464,50,80
404,19,397,84,0
405,19,1401,82,75
406,19,1926,78,99
407,19,3725,51,68
408,19,3238,65,99
409,19,441,61,50
410,19,3713,67,99
411,19,370,70,90
412,19,3228,96,75
413,19,3422,57,80
414,19,3647,93,99
415,19,3459,93,25
416,19,812,85,50
417,19,398,69,44
418,19,939,81,50
419,19,2443,64,0
420,19,290,79,0
421,19,1733,100,75
422,19,1428,57,50
423,2,915,56,80
424,2,992,64,90
425,2,2727,93,0
426,2,446,96,0
427,2,2869,77,80
428,2,3661,83,50
429,2,1684,55,90
430,2,3486,97,99
431,2,930,63,50
432,2,3321,96,44
433,2,2372,97,44
434,2,1410,88,90
435,2,120,93,0
436,2,963,95,25
437,2,3284,54,0
438,2,2184,87,90
439,2,3339,74,25
440,2,2806,91,99
441,2,2990,67,44
442,2,1831,100,75
443,2,1287,100,99
444,2,1268,57,80
445,2,95,98,50
446,2,2267,96,90
447,2,1400,60,90
448,2,1906,65,80
449,2,3709,70,0
450,2,3190,88,44
451,2,1292,75,50
452,2,2373,61,80
453,2,315,57,80
454,2,3187,100,75
455,2,3308,92,50
456,2,2969,67,0
457,2,228,91,75
458,2,1685,65,44
459,2,2229,59,80
460,20,948,57,25
461,20,955,56,75
462,20,3504,94,44
463,20,1028,53,44
464,20,1043,91,50
465,20,2839,53,50
466,20,3192,88,75
467,20,2935,91,50
468,20,1568,76,0
469,20,1022,79,75
470,20,77,77,80
471,20,996,67,25
472,20,1197,55,80
473,20,3407,69,50
474,20,2803,72,75
475,20,3365,89,0
476,20,1004,100,0
477,20,285,76,99
478,20,3382,99,50
479,20,3240,53,80
480,20,587,85,50
481,20,3195,98,75
482,20,407,59,90
483,20,3126,95,99
484,20,3531,53,99
485,20,1497,99,0
486,20,2751,79,90
487,21,400,85,44
488,21,948,92,75
489,21,2197,54,44
490,21,2750,94,99
491,21,2924,83,0
492,21,1198,88,0
493,21,2614,82,75
494,21,3453,90,44
495,21,3482,77,44
496,21,2847,92,90
497,21,2959,60,25
498,21,1083,78,0
499,21,1593,81,25
500,21,1098,63,44
501,21,1825,55,90
502,21,177,86,44
503,21,3080,85,0
504,21,3238,96,90
505,21,3371,99,90
506,21,3684,65,99
507,21,801,51,75
508,21,1159,70,44
509,21,3129,71,99
510,21,2323,84,50
511,21,582,50,75
512,21,288,83,0
513,21,167,75,50
514,21,2201,85,75
515,21,3444,87,44
516,21,1958,53,25
517,22,3414,86,25
518,22,804,74,44
519,22,939,94,90
520,22,136,98,80
521,22,2539,97,75
522,22,3510,64,75
523,22,2475,68,50
524,22,1582,60,50
525,22,261,86,25
526,22,1339,59,50
527,22,2667,99,80
528,22,730,62,90
529,22,2724,90,90
530,22,2121,66,90
531,22,3040,70,90
532,22,3235,74,44
533,22,1704,84,90
534,22,3701,74,44
535,22,2892,86,0
536,22,292,68,50
537,22,438,67,44
538,22,417,74,25
539,22,3634,57,44
540,22,2820,86,25
541,22,2666,58,80
542,22,3407,66,44
543,22,290,82,0
544,22,1950,69,75
545,22,1048,80,44
546,22,114,100,99
547,22,334,55,99
548,22,1888,90,80
549,22,216,83,0
550,22,1930,88,0
551,23,103,91,25
552,23,1130,75,25
553,23,2336,86,99
554,23,456,52,50
555,23,3488,80,44
556,23,1224,82,80
557,23,3714,135,68
558,23,2276,61,50
559,23,3308,96,44
560,23,2415,77,0
561,23,2915,51,90
562,23,2080,70,99
563,23,916,75,80
564,23,2197,77,80
565,23,3602,89,80
566,23,1969,65,44
567,23,2707,52,80
568,23,1894,61,25
569,23,3024,63,75
570,23,1763,89,25
571,23,2194,98,50
572,23,1390,62,0
573,23,2540,69,75
574,23,1004,69,25
575,23,1924,61,50
576,23,368,97,44
577,23,3443,52,25
578,23,2200,91,75
579,23,3542,77,90
580,23,3675,76,80
581,23,2716,56,44
582,23,1274,76,50
583,23,3150,94,0
584,23,2694,75,75
585,23,856,58,75
586,23,1361,50,99
587,23,1181,56,99
588,23,1971,54,90
589,24,1836,86,50
590,24,2350,77,90
591,24,2851,90,44
592,24,3566,93,80
593,24,2106,61,44
594,24,1927,89,90
595,24,243,99,50
596,24,790,100,99
597,24,236,86,44
598,24,3291,90,44
599,24,654,64,44
600,24,3100,82,25
601,24,1848,73,44
602,24,2516,96,25
603,24,3145,58,80
604,24,892,84,0
605,24,897,100,25
606,24,1861,66,0
607,24,1017,92,0
608,24,951,93,0
609,24,977,77,99
610,24,3631,97,75
611,24,2477,68,0
612,24,2677,76,99
613,24,238,85,0
614,24,2995,76,50
615,24,1491,92,80
616,24,1638,93,25
617,24,412,90,99
618,24,2866,60,0
619,24,196,93,44
620,24,543,63,80
621,25,1526,57,90
622,25,320,71,99
623,25,223,73,80
624,25,361,99,25
625,25,2961,81,0
626,25,599,87,44
627,25,2127,93,99
628,25,2608,68,90
629,25,3463,89,99
630,25,3288,73,0
631,25,869,74,90
632,25,2210,79,80
633,25,2358,82,0
634,25,2658,56,25
635,25,2175,88,25
636,25,312,95,44
637,25,89,50,90
638,25,3451,99,90
639,25,2686,96,25
640,26,810,62,90
641,26,1416,94,75
642,26,1342,60,25
643,26,516,54,50
644,26,1544,77,25
645,26,2295,90,0
646,26,3620,52,25
647,26,803,57,25
648,26,1451,69,25
649,26,2571,87,50
650,26,2366,76,25
651,26,221,57,75
652,26,1850,78,80
653,26,983,89,90
654,26,1373,81,25
655,26,2732,94,0
656,26,1765,72,90
657,26,1382,97,50
658,26,2202,84,90
659,26,786,66,80
660,26,404,76,80
661,26,2223,74,75
662,26,2011,57,25
663,27,2531,83,75
664,27,2655,67,50
665,27,1534,91,50
666,27,387,58,50
667,27,1415,89,99
668,27,1069,97,99
669,27,1222,72,44
670,27,712,59,75
671,27,2866,88,50
672,27,3045,55,80
673,27,39,74,75
674,27,304,50,90
675,27,2139,96,25
676,27,3138,77,50
677,27,3304,73,44
678,27,1307,55,75
679,27,858,81,44
680,27,807,96,25
681,27,2446,91,0
682,27,653,79,50
683,27,3029,89,80
684,27,924,53,75
685,27,1968,95,99
686,27,2819,90,25
687,27,1915,67,25
688,27,426,87,50
689,27,1569,86,80
690,27,1660,77,90
691,27,638,91,50
692,27,1211,52,80
693,27,1018,84,44
694,27,1730,66,80
695,27,1017,79,0
696,27,1865,85,44
697,28,834,59,90
698,28,2103,85,50
699,28,815,51,80
700,28,3712,84,99
701,28,1989,77,80
702,28,1974,71,44
703,28,990,100,50
704,28,528,71,44
705,28,431,84,80
706,28,989,66,75
707,28,1907,55,25
708,28,2389,82,75
709,28,743,70,0
710,28,1967,86,99
711,28,1106,56,80
712,28,1133,96,50
713,28,3213,58,80
714,28,568,54,44
715,28,1352,98,44
716,28,3032,72,25
717,28,1860,95,44
718,28,1384,51,0
719,28,269,87,90
720,28,2157,80,99
721,28,857,95,50
722,28,2766,92,99
723,28,3720,124,80
724,28,2385,83,25
725,28,3720,79,50
726,28,2616,51,44
727,29,2224,95,75
728,29,252,72,44
729,29,1091,58,90
730,29,3317,74,80
731,29,3460,79,90
732,29,725,54,99
733,29,3717,63,50
734,29,783,51,75
735,29,2980,97,50
736,29,582,58,90
737,29,3722,82,75
738,29,2574,75,99
739,29,1848,53,50
740,29,3454,69,90
741,29,2215,61,75
742,29,2336,87,80
743,29,3402,79,50
744,29,2635,95,50
745,29,1523,98,50
746,29,2194,92,0
747,29,2631,79,44
748,29,1048,77,75
749,29,2606,66,99
750,29,2991,100,50
751,29,2898,74,90
752,29,2994,70,0
753,29,423,89,50
754,29,1460,66,0
755,29,313,96,75
756,29,2921,78,25
757,29,1894,69,99
758,29,1430,70,99
759,29,1192,98,80
760,29,3268,54,44
761,29,2747,53,80
762,29,3695,89,99
763,29,3030,72,0
764,3,2118,99,75
765,3,3286,59,90
766,3,176,55,90
767,3,1952,92,50
768,3,2663,74,99
769,3,1196,75,90
770,3,2487,56,0
771,3,2088,51,90
772,3,1176,70,50
773,3,101,99,50
774,3,1142,97,80
775,3,738,71,75
776,3,1749,99,99
777,3,339,53,25
778,3,2125,82,90
779,3,2255,92,80
780,3,2856,59,0
781,3,3311,93,99
782,3,792,95,50
783,3,1599,95,80
784,3,2224,69,25
785,3,614,52,80
786,3,3325,68,44
787,3,2815,74,99
788,3,156,80,80
789,3,2334,95,90
790,3,3317,77,25
791,3,1947,59,0
792,3,3276,68,99
793,3,184,77,90
794,3,2344,94,80
795,30,1079,54,0
796,30,1144,60,80
797,30,1654,60,25
798,30,1232,84,75
799,30,1165,52,75
800,30,2560,77,0
801,30,2017,62,90
802,30,2374,76,0
803,30,2230,71,25
804,30,3725,64,44
805,30,1428,79,44
806,30,315,54,44
807,30,751,87,44
808,30,2488,86,90
809,30,101,62,0
810,30,3578,92,75
811,30,1353,68,99
812,30,1973,73,80
813,30,2118,92,25
814,30,993,76,0
815,30,793,62,99
816,31,1018,98,80
817,31,3074,97,90
818,31,3410,88,50
819,31,2124,52,44
820,31,2405,99,44
821,31,579,74,80
822,31,1838,79,90
823,31,2780,65,75
824,31,2096,92,44
825,31,2172,88,44
826,31,1848,51,75
827,31,2061,71,25
828,31,3116,78,0
829,31,1606,69,50
830,31,3418,94,25
831,31,2753,96,99
832,31,3292,81,25
833,31,735,81,99
834,31,2424,99,50
835,31,1829,83,44
836,31,92,98,0
837,31,3586,94,0
838,31,2238,82,44
839,31,3283,97,44
840,32,2053,86,75
841,32,620,63,0
842,32,3344,100,25
843,32,2976,71,75
844,32,966,75,80
845,32,1111,51,80
846,32,578,51,75
847,32,3164,89,0
848,32,1920,89,0
849,32,1472,62,25
850,32,2550,79,80
851,32,1665,53,44
852,32,384,80,44
853,32,3694,135,75
854,32,929,98,0
855,32,2478,82,99
856,32,2358,65,80
857,32,518,90,80
858,32,2204,68,90
859,32,869,61,90
860,32,483,89,44
861,32,1171,59,50
862,32,3275,64,75
863,32,50,94,25
864,32,3421,95,50
865,32,2537,55,0
866,32,3455,53,75
867,32,2093,66,0
868,32,2557,87,50
869,32,311,63,44
870,33,809,65,80
871,33,2789,74,80
872,33,1919,99,25
873,33,1841,65,80
874,33,3605,71,25
875,33,770,71,44
876,33,3192,98,99
877,33,81,89,75
878,33,3648,90,44
879,33,1027,93,50
880,33,2460,94,99
881,33,1929,88,50
882,33,2381,95,50
883,33,3568,93,80
884,33,2745,57,25
885,33,340,56,80
886,33,1726,100,80
887,33,1319,61,75
888,33,1243,69,75
889,33,1204,72,90
890,33,3593,84,75
891,33,1991,84,0
892,33,1043,62,90
893,33,2058,53,80
894,33,1686,83,0
895,33,823,93,25
896,34,3321,91,80
897,34,3243,51,50
898,34,1328,90,0
899,34,972,50,75
900,34,178,84,80
901,34,3163,71,50
902,34,3127,66,99
903,34,320,61,80
904,34,3035,82,0
905,34,3397,71,50
906,34,2749,63,50
907,34,2265,73,44
908,34,2755,100,50
909,34,1469,74,0
910,34,1134,91,90
911,34,422,55,0
912,34,2807,80,0
913,34,2902,92,25
914,34,250,75,25
915,34,72,97,99
916,34,142,82,75
917,34,729,77,44
918,34,1735,71,25
919,34,1005,99,25
920,34,2903,55,99
921,34,1864,94,90
922,34,3709,78,44
923,34,2345,63,75
924,34,562,57,75
925,34,3234,76,90
926,34,3370,57,80
927,34,3493,74,25
928,34,2583,69,44
929,34,3064,57,80
930,34,713,92,44
931,34,994,83,90
932,34,2173,63,80
933,34,1802,97,25
934,34,3265,79,90
935,34,3620,94,44
936,34,2078,68,25
937,35,476,79,44
938,35,3699,86,25
939,35,2855,87,0
940,35,1897,100,75
941,35,2507,74,0
942,35,2766,98,80
943,35,1323,72,44
944,35,2606,94,0
945,35,2422,81,80
946,35,67,88,80
947,35,2441,76,75
948,35,3142,56,80
949,35,1480,72,44
950,35,338,78,0
951,35,55,50,0
952,35,655,85,50
953,35,826,82,25
954,35,1449,71,50
955,35,1351,79,44
956,35,923,89,90
957,35,1728,51,75
958,35,892,67,25
959,35,1434,83,0
960,35,828,58,0
961,35,1688,72,75
962,35,3494,52,44
963,35,2054,89,44
964,36,3032,54,44
965,36,306,52,99
966,36,2463,61,99
967,36,2707,50,50
968,36,3720,84,0
969,36,662,67,44
970,36,590,74,0
971,36,1629,91,25
972,36,108,51,90
973,36,2894,84,44
974,36,834,59,90
975,36,2843,56,25
976,36,1179,82,25
977,36,3083,83,75
978,36,1769,77,0
979,36,1718,65,99
980,36,2384,59,90
981,36,652,52,0
982,36,739,65,75
983,36,2318,98,75
984,36,2274,94,80
985,36,1768,64,25
986,36,2486,59,44
987,36,1959,70,25
988,36,2911,56,75
989,37,1020,67,99
990,37,2152,94,90
991,37,3081,61,25
992,37,3063,76,80
993,37,1697,69,0
994,37,966,83,80
995,37,1808,64,75
996,37,3368,52,80
997,37,3672,73,99
998,37,1839,62,44
999,37,3231,75,99
1000,37,1786,55,80
1001,37,1625,91,44
1002,37,631,77,99
1003,37,3693,80,80
1004,37,702,58,75
1005,37,596,89,50
1006,37,2660,63,80
1007,37,1875,62,80
1008,37,1154,72,99
1009,37,840,85,90
1010,37,1927,54,99
1011,37,1721,91,99
1012,37,1340,56,44
1013,37,440,89,0
1014,38,1214,86,90
1015,38,478,88,75
1016,38,1908,61,90
1017,38,1106,66,80
1018,38,2692,60,90
1019,38,661,73,75
1020,38,3330,83,75
1021,38,1695,91,75
1022,38,2839,79,80
1023,38,2576,99,99
1024,38,323,59,44
1025,38,2673,65,90
1026,38,1388,85,0
1027,38,3255,89,25
1028,38,3604,84,50
1029,38,2821,62,90
1030,38,3716,133,0
1031,38,744,56,99
1032,38,2361,80,25
1033,38,3053,95,99
1034,38,3714,146,75
1035,38,47,70,0
1036,38,1311,90,50
1037,38,2331,80,50
1038,38,2484,51,75
1039,38,2214,60,44
1040,39,679,66,75
1041,39,271,70,80
1042,39,3673,67,99
1043,39,402,81,80
1044,39,567,50,0
1045,39,1673,52,44
1046,39,3668,95,99
1047,39,1220,64,75
1048,39,2531,83,80
1049,39,1355,51,90
1050,39,3335,60,80
1051,39,2612,86,80
1052,39,1808,95,99
1053,39,2195,70,50
1054,39,216,80,99
1055,39,1346,68,44
1056,39,2782,87,25
1057,39,2593,83,50
1058,39,699,84,44
1059,39,2071,89,0
1060,39,1615,60,99
1061,39,530,50,0
1062,39,3422,80,80
1063,39,563,86,25
1064,39,1713,73,0
1065,39,1572,66,50
1066,39,1926,57,99
1067,39,1474,52,44
1068,4,1124,79,0
1069,4,1829,71,44
1070,4,1842,78,25
1071,4,648,62,75
1072,4,2355,62,80
1073,4,3164,68,90
1074,4,1990,70,99
1075,4,395,53,50
1076,4,1163,59,80
1077,4,2556,86,75
1078,4,1690,71,75
1079,4,2064,68,80
1080,4,1717,70,44
1081,4,3593,69,44
1082,4,557,88,25
1083,4,2158,58,25
1084,4,1332,80,44
1085,4,184,69,80
1086,4,2523,94,0
1087,4,3352,86,25
1088,4,2574,52,99
1089,4,904,75,25
1090,4,3117,53,75
1091,4,1099,70,44
1092,4,920,92,25
1093,4,3391,84,75
1094,4,938,98,50
1095,4,217,74,80
1096,4,3047,73,0
1097,4,2907,80,0
1098,4,1372,98,80
1099,4,1716,57,99
1100,4,369,92,50
1101,4,1713,70,75
1102,4,993,95,75
1103,4,2876,72,80
1104,4,2051,86,90
1105,4,306,75,90
1106,4,1809,56,75
1107,4,2201,76,90
1108,4,2334,65,25
1109,4,3587,67,44
1110,4,1495,52,90
1111,40,764,90,80
1112,40,377,59,44
1113,40,2373,92,25
1114,40,2118,99,50
1115,40,378,79,25
1116,40,1403,70,99
1117,40,3137,99,44
1118,40,1627,68,44
1119,40,3560,84,25
1120,40,599,54,80
1121,40,196,62,80
1122,40,1750,59,80
1123,40,519,71,44
1124,40,2726,84,44
1125,40,348,83,75
1126,40,537,100,50
1127,40,894,96,75
1128,40,204,83,44
1129,40,1523,82,0
1130,40,3309,92,44
1131,40,217,66,0
1132,40,459,83,90
1133,40,1794,93,50
1134,40,1692,53,80
1135,40,1683,88,75
1136,40,3215,67,75
1137,40,2424,68,99
1138,40,2579,68,25
1139,40,3404,82,90
1140,40,1047,71,99
1141,40,2108,72,44
1142,40,1521,85,80
1143,41,1171,61,75
1144,41,3719,87,99
1145,41,2066,80,90
1146,41,3106,51,90
1147,41,2885,71,90
1148,41,985,50,50
1149,41,1462,51,99
1150,41,1642,50,75
1151,41,1997,83,44
1152,41,1511,53,44
1153,41,309,98,99
1154,41,3441,81,75
1155,41,2655,85,90
1156,41,981,55,99
1157,41,3464,93,25
1158,41,1754,52,80
1159,41,1691,58,25
1160,41,1434,54,80
1161,41,1857,50,25
1162,41,474,63,80
1163,41,3288,67,44
1164,41,1430,72,99
1165,41,1076,57,25
1166,41,1069,98,44
1167,41,683,94,0
1168,41,3366,70,44
1169,41,3711,134,44
1170,41,289,58,44
1171,41,1589,83,90
1172,41,3374,73,80
1173,41,1628,83,90
1174,41,3160,58,99
1175,41,927,59,80
1176,41,3085,83,44
1177,41,1772,92,80
1178,41,252,77,25
1179,41,1495,63,80
1180,41,2295,60,50
1181,41,1262,81,80
1182,42,3137,59,99
1183,42,394,61,25
1184,42,800,55,50
1185,42,3106,80,50
1186,42,808,59,80
1187,42,56,70,90
1188,42,458,72,75
1189,42,711,78,0
1190,42,1905,94,90
1191,42,1386,78,80
1192,42,959,59,99
1193,42,1401,89,50
1194,42,2701,79,50
1195,42,2250,65,44
1196,42,2680,72,25
1197,42,1628,66,0
1198,42,3327,51,25
1199,42,2896,70,0
1200,42,1520,84,99
1201,42,2928,50,0
1202,42,1212,94,44
1203,42,615,52,80
1204,42,1925,71,99
1205,42,2329,61,50
1206,42,286,67,99
1207,42,2805,78,99
1208,42,2380,81,75
1209,42,708,89,25
1210,42,1289,74,99
1211,42,1978,87,25
1212,42,3,60,25
1213,42,327,87,80
1214,43,796,78,80
1215,43,1802,54,80
1216,43,1025,53,80
1217,43,1649,70,25
1218,43,2866,62,25
1219,43,1576,97,50
1220,43,2106,92,80
1221,43,2867,65,44
1222,43,2987,71,44
1223,43,1135,76,75
1224,43,416,82,50
1225,43,2327,100,99
1226,43,406,51,80
1227,43,973,73,75
1228,43,1422,53,90
1229,43,2710,71,25
1230,43,1538,72,80
1231,43,1342,69,99
1232,43,1080,100,99
1233,43,1461,62,99
1234,43,3367,64,75
1235,43,1665,95,50
1236,43,1156,78,90
1237,43,180,80,50
1238,43,769,76,99
1239,43,1873,90,80
1240,43,1829,51,99
1241,43,344,76,80
1242,44,2752,76,99
1243,44,1355,89,44
1244,44,3164,89,75
1245,44,3109,89,0
1246,44,1817,99,75
1247,44,2228,64,50
1248,44,1969,91,80
1249,44,3100,73,44
1250,44,2115,80,0
1251,44,676,85,50
1252,44,2383,54,50
1253,44,2938,86,80
1254,44,3091,54,0
1255,44,194,82,50
1256,44,3527,58,99
1257,44,3469,95,90
1258,44,1344,68,25
1259,44,1232,94,25
1260,44,3406,70,90
1261,44,2810,68,90
1262,44,1478,58,99
1263,44,2244,68,44
1264,44,2021,100,44
1265,44,854,70,80
1266,44,641,73,0
1267,44,2750,86,44
1268,44,3362,65,25
1269,44,277,80,0
1270,45,3141,79,25
1271,45,1149,98,44
1272,45,1356,62,80
1273,45,2826,67,50
1274,45,1143,93,50
1275,45,3443,72,75
1276,45,175,92,0
1277,45,337,78,99
1278,45,1778,99,0
1279,45,2088,98,44
1280,45,1121,98,25
1281,45,3721,67,68
1282,45,2042,87,75
1283,45,1163,100,75
1284,45,1269,68,75
1285,45,1878,85,80
1286,45,1288,96,99
1287,45,2869,51,99
1288,45,387,81,0
1289,45,630,63,0
1290,45,1467,78,50
1291,45,1302,89,50
1292,45,1224,76,99
1293,45,2704,88,75
1294,45,2483,95,99
1295,45,1807,92,44
1296,46,1809,50,99
1297,46,264,54,75
1298,46,730,61,80
1299,46,799,76,80
1300,46,194,71,0
1301,46,3196,55,50
1302,46,2367,69,25
1303,46,1167,63,99
1304,46,2773,77,80
1305,46,3125,54,0
1306,46,2305,78,80
1307,46,3188,94,44
1308,46,2080,73,75
1309,46,2795,96,25
1310,46,1714,74,0
1311,46,671,64,50
1312,46,1333,79,75
1313,46,1293,64,0
1314,46,645,61,99
1315,46,741,87,90
1316,46,1285,63,75
1317,46,1117,95,90
1318,46,637,74,75
1319,46,2860,81,99
1320,46,3569,65,25
1321,46,1903,52,44
1322,46,112,61,99
1323,46,331,89,50
1324,46,1213,81,44
1325,46,2879,76,80
1326,46,1450,82,50
1327,46,3342,85,90
1328,46,866,82,80
1329,46,1288,92,99
1330,47,3199,80,25
1331,47,1084,96,0
1332,47,143,71,80
1333,47,1868,53,44
1334,47,2279,66,99
1335,47,2500,65,99
1336,47,2330,81,75
1337,47,2786,73,80
1338,47,1938,53,90
1339,47,402,99,90
1340,47,2344,92,25
1341,47,3140,74,75
1342,47,3565,51,0
1343,47,2473,74,44
1344,47,3514,50,75
1345,47,592,66,90
1346,47,2452,66,0
1347,47,98,85,90
1348,47,2740,91,80
1349,47,3010,62,99
1350,47,725,74,50
1351,47,633,72,25
1352,47,2333,57,80
1353,47,2082,89,99
1354,47,753,66,80
1355,47,3524,67,50
1356,47,3360,88,25
1357,47,2474,61,25
1358,48,1670,54,50
1359,48,2891,72,50
1360,48,573,50,99
1361,48,3405,94,0
1362,48,3542,55,44
1363,48,2282,66,80
1364,48,1660,83,50
1365,48,1771,67,50
1366,48,1720,61,99
1367,48,439,66,44
1368,48,2761,55,0
1369,48,3053,53,75
1370,48,172,85,99
1371,48,2763,57,80
1372,48,2363,94,44
1373,48,3588,83,99
1374,48,398,84,25
1375,48,2391,63,50
1376,48,2077,96,80
1377,48,1192,90,50
1378,48,299,87,90
1379,48,3089,83,44
1380,48,1193,60,90
1381,48,450,97,25
1382,48,2983,55,0
1383,48,878,76,50
1384,48,3320,91,44
1385,48,379,97,99
1386,48,1603,100,99
1387,48,2661,79,99
1388,48,147,67,75
1389,48,1721,71,80
1390,48,3509,57,99
1391,48,3399,90,25
1392,48,2089,86,90
1393,48,3241,69,75
1394,49,1447,55,0
1395,49,3687,88,25
1396,49,3656,77,75
1397,49,1684,84,99
1398,49,22,53,0
1399,49,3000,84,90
1400,49,794,55,90
1401,49,2915,78,25
1402,49,2372,97,0
1403,49,660,66,99
1404,49,3472,60,25
1405,49,2001,50,80
1406,49,546,59,25
1407,49,595,50,99
1408,49,2754,84,99
1409,49,3653,89,90
1410,49,1493,72,25
1411,49,3140,54,25
1412,49,873,59,25
1413,49,3727,67,68
1414,49,2098,87,99
1415,49,478,75,0
1416,49,2209,97,50
1417,49,409,87,80
1418,49,485,50,25
1419,49,163,58,80
1420,49,1204,75,80
1421,49,430,71,75
1422,49,1465,83,44
1423,5,3560,92,25
1424,5,353,61,80
1425,5,728,76,75
1426,5,99,61,50
1427,5,544,77,90
1428,5,2927,50,80
1429,5,1022,82,50
1430,5,1831,77,99
1431,5,3387,67,44
1432,5,764,63,50
1433,5,2976,67,50
1434,5,3461,50,90
1435,5,1440,61,50
1436,5,206,94,25
1437,5,3037,94,44
1438,5,2630,60,90
1439,5,2555,76,90
1440,5,2047,98,90
1441,5,1929,81,80
1442,5,1801,56,90
1443,5,3607,93,44
1444,5,2296,85,44
1445,5,459,85,0
1446,5,2634,71,90
1447,5,614,71,80
1448,5,1609,84,0
1449,50,1909,91,90
1450,50,2997,79,44
1451,50,1719,54,44
1452,50,3062,74,25
1453,50,3405,90,0
1454,50,1007,89,44
1455,50,1654,57,80
1456,50,323,75,75
1457,50,3724,90,25
1458,50,3352,50,99
1459,50,128,78,99
1460,50,692,53,50
1461,50,2776,79,80
1462,50,1323,59,0
1463,50,600,95,99
1464,50,2385,72,90
1465,50,1070,59,50
1466,50,3324,99,44
1467,50,1746,83,0
1468,50,353,93,25
1469,50,1450,65,75
1470,50,3688,80,75
1471,50,2691,94,90
1472,50,1089,86,25
1473,50,1314,75,25
1474,51,2225,91,99
1475,51,218,57,80
1476,51,1972,68,50
1477,51,3459,84,44
1478,51,2998,63,44
1479,51,387,59,99
1480,51,2437,90,80
1481,51,3181,93,25
1482,51,2047,75,99
1483,51,762,53,25
1484,51,248,99,50
1485,51,1627,84,80
1486,51,1123,90,0
1487,51,1186,68,75
1488,51,461,92,0
1489,51,2613,64,44
1490,51,2748,59,99
1491,51,1724,72,50
1492,51,1625,96,0
1493,51,1022,67,25
1494,51,551,61,99
1495,51,2750,87,25
1496,51,2030,67,90
1497,51,953,71,99
1498,51,3098,99,75
1499,51,522,52,25
1500,52,782,97,99
1501,52,1406,78,50
1502,52,2741,65,0
1503,52,3099,73,44
1504,52,2673,67,80
1505,52,3710,114,75
1506,52,875,71,44
1507,52,3306,85,0
1508,52,227,61,44
1509,52,937,52,25
1510,52,2957,51,99
1511,52,1862,83,50
1512,52,3226,81,75
1513,52,411,72,99
1514,52,1261,71,44
1515,52,679,70,80
1516,52,2238,93,50
1517,52,284,98,90
1518,52,2586,87,80
1519,52,1066,86,99
1520,52,2788,97,0
1521,52,1047,65,50
1522,52,1684,64,50
1523,52,682,54,75
1524,52,661,96,80
1525,52,2620,80,99
1526,52,2477,55,25
1527,52,896,69,44
1528,52,1420,62,75
1529,52,2929,72,44
1530,52,3239,54,80
1531,52,3157,68,99
1532,52,1292,89,75
1533,52,488,86,99
1534,53,2810,66,50
1535,53,3417,100,44
1536,53,2332,60,44
1537,53,2903,70,80
1538,53,329,59,50
1539,53,1566,71,90
1540,53,6,72,25
1541,53,2803,50,99
1542,53,2597,78,0
1543,53,2723,56,80
1544,53,3426,94,90
1545,53,860,95,50
1546,53,3576,63,80
1547,53,2777,75,25
1548,53,1949,53,25
1549,53,3241,67,99
1550,53,816,88,80
1551,53,115,54,75
1552,53,3124,75,80
1553,53,589,54,80
1554,53,2383,68,25
1555,53,2143,97,25
1556,53,2703,96,90
1557,53,2866,87,25
1558,53,2883,64,90
1559,53,3419,73,44
1560,53,2206,97,44
1561,53,12,92,99
1562,53,1488,88,25
1563,53,3711,150,44
1564,53,582,68,90
1565,53,845,97,75
1566,54,2173,98,0
1567,54,136,50,90
1568,54,3335,55,90
1569,54,1004,53,90
1570,54,3470,56,0
1571,54,1388,85,50
1572,54,3606,65,50
1573,54,423,73,80
1574,54,1923,62,0
1575,54,1643,67,50
1576,54,1200,64,25
1577,54,303,64,44
1578,54,905,51,75
1579,54,1878,94,80
1580,54,31,93,44
1581,54,3403,99,44
1582,54,2644,54,44
1583,54,3568,76,25
1584,54,3039,55,90
1585,54,2828,78,90
1586,54,177,84,25
1587,54,174,96,25
1588,54,2514,73,50
1589,54,2415,67,75
1590,54,947,56,44
1591,54,2859,85,75
1592,54,2913,98,80
1593,54,2064,55,50
1594,54,1055,77,44
1595,54,2217,70,75
1596,54,25,64,75
1597,54,2158,70,80
1598,55,98,65,90
1599,55,650,99,99
1600,55,1728,64,80
1601,55,1152,71,99
1602,55,2953,53,90
1603,55,2573,53,44
1604,55,3121,91,80
1605,55,3077,68,80
1606,55,2807,93,44
1607,55,2207,89,80
1608,55,1443,81,0
1609,55,3580,58,90
1610,55,3160,54,90
1611,55,979,67,99
1612,55,293,88,99
1613,55,2552,61,25
1614,55,2444,76,80
1615,55,2237,70,75
1616,55,2758,97,99
1617,55,1057,94,44
1618,55,710,57,0
1619,55,2822,63,44
1620,55,3124,50,75
1621,55,3571,90,90
1622,55,2538,75,80
1623,55,2203,58,50
1624,55,3560,78,50
1625,56,3169,97,99
1626,56,1399,70,50
1627,56,254,60,75
1628,56,2493,62,44
1629,56,3468,97,0
1630,56,623,97,25
1631,56,2482,77,25
1632,56,382,92,99
1633,56,2323,50,99
1634,56,1529,64,25
1635,56,2304,68,0
1636,56,2217,88,0
1637,56,1238,59,80
1638,56,3627,91,44
1639,56,2377,100,75
1640,56,3449,67,75
1641,56,2560,65,75
1642,56,1923,85,90
1643,56,3706,52,0
1644,56,3293,63,75
1645,56,2478,92,80
1646,56,1334,54,99
1647,56,853,87,99
1648,56,317,85,80
1649,56,1263,72,44
1650,56,1805,78,99
1651,56,406,100,44
1652,56,1044,68,50
1653,56,1533,69,0
1654,56,3128,71,44
1655,56,3168,72,75
1656,56,1587,55,44
1657,56,2636,57,44
1658,56,2413,88,25
1659,56,1348,85,44
1660,56,1152,97,25
1661,56,244,72,0
1662,56,1162,96,99
1663,56,1677,79,44
1664,57,322,93,0
1665,57,1155,66,90
1666,57,150,99,44
1667,57,2081,69,80
1668,57,775,62,0
1669,57,182,88,0
1670,57,429,52,25
1671,57,1103,59,44
1672,57,1482,86,99
1673,57,1717,73,44
1674,57,2811,85,25
1675,57,2833,74,0
1676,57,3552,63,50
1677,57,1736,99,50
1678,57,801,89,99
1679,57,2361,99,44
1680,57,1805,54,25
1681,57,3596,59,44
1682,57,3370,70,25
1683,57,1638,59,50
1684,57,3048,58,75
1685,57,3153,81,99
1686,57,1750,94,75
1687,57,596,93,50
1688,57,545,53,90
1689,57,1299,70,99
1690,57,1588,56,80
1691,57,40,89,50
1692,58,2117,64,80
1693,58,1043,89,50
1694,58,1115,78,50
1695,58,2066,71,99
1696,58,3544,95,44
1697,58,2712,54,75
1698,58,1904,89,99
1699,58,3132,91,0
1700,58,1341,63,99
1701,58,1797,88,99
1702,58,171,51,25
1703,58,3727,149,44
1704,58,2516,56,99
1705,58,1047,72,80
1706,58,1488,50,90
1707,58,1020,59,90
1708,58,1075,98,80
1709,58,3663,66,50
1710,58,3563,58,80
1711,58,140,66,80
1712,58,1713,93,50
1713,58,761,88,50
1714,58,117,76,90
1715,58,3140,59,50
1716,58,354,91,25
1717,58,1164,57,0
1718,58,290,76,80
1719,58,3188,71,75
1720,58,1503,70,90
1721,58,1894,53,99
1722,58,2407,56,0
1723,58,483,51,0
1724,59,1817,79,80
1725,59,3570,81,25
1726,59,1686,80,0
1727,59,2310,79,25
1728,59,1587,75,75
1729,59,2182,56,44
1730,59,3673,78,0
1731,59,813,96,50
1732,59,2643,58,99
1733,59,333,67,50
1734,59,1421,52,99
1735,59,3321,52,99
1736,59,1213,92,75
1737,59,1594,94,75
1738,59,2181,93,50
1739,59,1767,55,50
1740,59,1197,75,75
1741,59,940,72,90
1742,59,1535,85,0
1743,59,3074,80,0
1744,59,1930,71,44
1745,59,514,67,90
1746,59,2315,86,80
1747,59,2566,73,75
1748,59,1720,60,80
1749,59,3594,66,50
1750,59,1904,63,75
1751,59,1347,60,0
1752,59,1892,74,80
1753,6,2953,51,25
1754,6,1640,90,80
1755,6,490,92,44
1756,6,488,51,50
1757,6,3715,68,80
1758,6,2885,68,90
1759,6,3586,69,80
1760,6,2658,72,80
1761,6,513,85,44
1762,6,2473,91,44
1763,6,1068,55,99
1764,6,1455,77,25
1765,6,2657,99,50
1766,6,1122,83,80
1767,6,54,75,25
1768,6,2518,52,50
1769,6,245,95,80
1770,6,1524,57,44
1771,6,769,55,44
1772,6,1365,99,0
1773,6,2820,56,90
1774,6,1881,62,25
1775,6,473,99,25
1776,6,2600,89,25
1777,6,1330,81,75
1778,6,1841,72,90
1779,60,3587,60,0
1780,60,1606,96,99
1781,60,3264,58,25
1782,60,1286,66,90
1783,60,1084,65,44
1784,60,1964,71,0
1785,60,3391,61,50
1786,60,1649,71,0
1787,60,316,84,25
1788,60,1162,78,0
1789,60,1158,69,99
1790,60,2818,55,25
1791,60,1764,78,50
1792,60,2912,59,0
1793,60,2746,52,50
1794,60,116,85,80
1795,60,2699,54,90
1796,60,1894,63,25
1797,60,2949,72,44
1798,60,343,67,25
1799,60,1492,50,90
1800,60,984,63,0
1801,60,3194,86,25
1802,60,234,55,80
1803,60,1116,77,50
1804,60,3265,51,0
1805,60,2777,92,50
1806,60,2168,87,25
1807,61,522,89,50
1808,61,415,68,25
1809,61,2033,55,90
1810,61,1601,86,0
1811,61,3137,89,80
1812,61,70,68,50
1813,61,1736,63,99
1814,61,3295,84,25
1815,61,417,66,0
1816,61,896,77,75
1817,61,3634,73,80
1818,61,1157,84,50
1819,61,3186,80,90
1820,61,1197,93,44
1821,61,606,83,0
1822,61,1037,59,0
1823,61,3501,92,90
1824,61,1131,80,25
1825,61,585,89,25
1826,61,3235,97,0
1827,61,2122,56,0
1828,61,841,73,99
1829,61,949,55,50
1830,61,19,56,99
1831,61,3343,53,75
1832,61,3451,80,90
1833,61,1516,53,25
1834,61,713,69,0
1835,61,529,89,75
1836,61,3027,92,90
1837,61,3551,76,90
1838,61,2537,92,50
1839,61,3509,78,90
1840,61,1747,73,90
1841,62,1560,62,50
1842,62,345,64,0
1843,62,2149,65,75
1844,62,3079,74,80
1845,62,3532,74,90
1846,62,3407,81,0
1847,62,2288,74,0
1848,62,387,52,0
1849,62,2582,79,0
1850,62,3525,65,0
1851,62,2782,68,0
1852,62,1755,63,75
1853,62,1051,54,90
1854,62,3140,80,25
1855,62,121,54,44
1856,62,1991,57,44
1857,62,1204,56,80
1858,63,3563,66,0
1859,63,1813,90,44
1860,63,3009,61,0
1861,63,2058,60,90
1862,63,499,79,90
1863,63,1299,81,90
1864,63,126,54,90
1865,63,1057,77,0
1866,63,837,88,25
1867,63,250,77,99
1868,63,3594,66,0
1869,63,2452,76,44
1870,63,3473,68,80
1871,63,1968,82,80
1872,63,1391,50,99
1873,63,150,99,99
1874,63,582,69,25
1875,63,1361,100,80
1876,63,532,91,90
1877,63,1229,66,75
1878,63,3149,50,75
1879,63,3286,95,25
1880,63,3464,83,99
1881,63,33,69,75
1882,63,314,89,80
1883,63,3486,80,44
1884,63,3663,66,50
1885,63,442,96,44
1886,63,2672,73,50
1887,63,3576,53,50
1888,63,228,81,50
1889,63,1193,63,50
1890,63,1407,82,80
1891,63,2911,99,25
1892,64,1659,65,99
1893,64,3594,58,0
1894,64,3178,76,44
1895,64,2403,64,90
1896,64,2254,78,90
1897,64,2571,51,0
1898,64,2287,82,25
1899,64,2079,91,44
1900,64,2147,51,50
1901,64,587,88,90
1902,64,2990,57,75
1903,64,2944,51,90
1904,64,2081,71,25
1905,64,1986,67,44
1906,64,2158,57,44
1907,64,1332,100,0
1908,64,1848,67,0
1909,64,387,57,90
1910,64,884,77,80
1911,64,1140,70,50
1912,64,1289,59,80
1913,64,2419,61,25
1914,64,751,66,25
1915,64,371,67,0
1916,64,567,96,44
1917,64,1146,54,44
1918,64,65,94,25
1919,65,3702,137,68
1920,65,3703,127,80
1921,65,344,75,90
1922,65,3315,81,80
1923,65,1240,77,0
1924,65,2462,80,99
1925,65,1285,54,99
1926,65,1289,91,99
1927,65,3546,79,99
1928,65,192,59,50
1929,65,3123,59,50
1930,65,2163,52,50
1931,65,2428,61,90
1932,65,3084,75,99
1933,65,1824,74,75
1934,65,2484,83,44
1935,65,1484,79,25
1936,65,2940,65,75
1937,65,2405,62,25
1938,65,1107,76,25
1939,65,1385,53,75
1940,65,1233,76,25
1941,65,947,97,75
1942,65,3441,81,75
1943,65,2322,81,90
1944,66,1417,62,44
1945,66,1680,85,75
1946,66,1064,62,50
1947,66,1659,64,99
1948,66,1111,94,44
1949,66,551,78,99
1950,66,3329,91,80
1951,66,1311,62,99
1952,66,334,95,90
1953,66,2496,67,90
1954,66,3015,83,44
1955,66,868,72,50
1956,66,1223,79,90
1957,66,1531,92,90
1958,66,1217,99,50
1959,66,2862,100,44
1960,66,2895,54,90
1961,66,789,88,99
1962,66,2415,90,90
1963,66,236,61,90
1964,66,2774,65,44
1965,66,3635,78,50
1966,66,1318,73,50
1967,66,2771,59,75
1968,66,1876,100,90
1969,66,246,90,25
1970,66,1666,97,50
1971,66,602,69,0
1972,67,3136,96,0
1973,67,387,100,80
1974,67,3566,99,75
1975,67,2694,70,25
1976,67,2931,66,80
1977,67,1029,58,75
1978,67,1325,78,44
1979,67,2849,85,80
1980,67,3456,77,75
1981,67,3234,73,90
1982,67,1615,75,90
1983,67,3361,95,75
1984,67,179,86,80
1985,67,1337,92,0
1986,67,774,65,90
1987,67,420,85,80
1988,67,1739,82,0
1989,67,1826,70,44
1990,67,739,78,44
1991,67,2058,69,44
1992,67,3371,54,75
1993,67,1322,95,90
1994,67,1074,75,44
1995,67,2033,51,90
1996,67,3064,81,75
1997,67,3271,52,90
1998,67,1427,80,25
1999,67,654,66,50
2000,67,1255,72,90
2001,67,1853,63,50
2002,67,3435,67,80
2003,67,1547,63,75
2004,67,94,82,80
2005,67,683,50,99
2006,68,235,63,75
2007,68,1402,60,0
2008,68,3673,81,90
2009,68,2819,57,99
2010,68,242,88,44
2011,68,2440,82,44
2012,68,511,86,50
2013,68,1550,87,44
2014,68,1780,75,44
2015,68,430,65,90
2016,68,1563,64,80
2017,68,805,93,44
2018,68,1547,97,25
2019,68,2274,57,90
2020,68,904,70,44
2021,68,313,88,25
2022,68,3572,53,50
2023,68,599,63,75
2024,68,1723,52,50
2025,68,1664,73,90
2026,68,657,63,75
2027,68,3299,62,44
2028,68,2679,77,44
2029,68,2227,76,25
2030,68,2286,95,50
2031,68,1058,83,25
2032,68,2352,59,50
2033,68,2410,98,75
2034,68,2246,97,75
2035,68,3064,95,44
2036,68,3644,81,75
2037,68,2161,98,0
2038,68,684,85,50
2039,68,977,67,99
2040,68,2015,100,90
2041,68,1048,53,44
2042,68,1963,68,75
2043,69,3705,123,80
2044,69,570,64,50
2045,69,1107,54,80
2046,69,2168,85,80
2047,69,2731,58,99
2048,69,2478,67,90
2049,69,1856,67,99
2050,69,1288,81,99
2051,69,2235,73,50
2052,69,1271,77,0
2053,69,696,67,50
2054,69,3074,57,75
2055,69,2487,94,25
2056,69,1316,88,90
2057,69,338,76,75
2058,69,1824,64,44
2059,69,2696,76,50
2060,69,1170,85,50
2061,69,2283,51,0
2062,69,1632,73,25
2063,69,589,60,99
2064,69,641,98,50
2065,69,1793,91,25
2066,69,326,74,80
2067,69,536,55,75
2068,7,841,90,50
2069,7,3676,94,80
2070,7,1364,76,25
2071,7,2244,83,90
2072,7,3243,75,44
2073,7,3421,64,90
2074,7,3564,95,75
2075,7,947,80,0
2076,7,1413,51,75
2077,7,239,76,0
2078,7,3116,77,44
2079,7,326,59,80
2080,7,1561,88,75
2081,7,1451,53,75
2082,7,1793,80,44
2083,7,3187,63,25
2084,7,3723,117,0
2085,7,55,73,90
2086,7,3631,64,50
2087,7,916,73,80
2088,7,2277,97,80
2089,7,2125,51,75
2090,7,1663,73,75
2091,7,3610,74,99
2092,7,2849,68,75
2093,7,1676,95,50
2094,7,1526,52,75
2095,7,557,84,80
2096,7,1555,71,75
2097,7,982,50,80
2098,7,2383,52,0
2099,7,2776,55,0
2100,7,2563,97,0
2101,7,2290,55,25
2102,7,368,79,50
2103,7,603,67,44
2104,70,1891,90,90
2105,70,1106,75,90
2106,70,2522,64,99
2107,70,1690,98,80
2108,70,3569,53,90
2109,70,2622,81,75
2110,70,899,74,90
2111,70,1418,63,75
2112,70,2795,85,25
2113,70,1409,88,25
2114,70,672,61,44
2115,70,1430,97,44
2116,70,2138,71,50
2117,70,3293,76,90
2118,70,309,77,90
2119,70,363,57,75
2120,70,2877,73,75
2121,70,3460,84,80
2122,71,3263,88,50
2123,71,412,66,80
2124,71,3335,75,50
2125,71,109,58,0
2126,71,2118,99,0
2127,71,2080,77,0
2128,71,1382,80,80
2129,71,1413,84,99
2130,71,438,81,75
2131,71,1308,91,75
2132,71,2355,97,90
2133,71,3229,52,75
2134,71,448,75,99
2135,71,2996,99,25
2136,71,2946,83,90
2137,71,1613,64,25
2138,71,2880,96,50
2139,71,208,84,44
2140,71,782,79,50
2141,71,3365,84,80
2142,71,799,64,75
2143,71,3369,93,0
2144,71,3225,82,50
2145,71,2029,89,0
2146,71,689,50,80
2147,71,3367,56,75
2148,71,1556,86,80
2149,71,1344,54,80
2150,71,1229,79,25
2151,71,262,64,90
2152,71,2968,52,0
2153,72,2128,87,0
2154,72,324,62,44
2155,72,2984,66,90
2156,72,352,69,0
2157,72,1956,54,25
2158,72,881,62,50
2159,72,348,76,80
2160,72,2798,78,99
2161,72,3354,53,80
2162,72,3303,56,75
2163,72,3230,85,99
2164,72,1925,86,25
2165,72,3016,54,99
2166,72,747,100,44
2167,72,428,79,80
2168,72,3078,74,75
2169,72,501,79,0
2170,72,2374,78,90
2171,72,878,53,90
2172,72,2837,87,80
2173,72,3725,58,25
2174,72,1402,56,99
2175,72,1972,69,90
2176,73,2989,77,44
2177,73,1419,78,90
2178,73,699,99,25
2179,73,329,64,50
2180,73,2777,59,75
2181,73,142,76,44
2182,73,3565,94,25
2183,73,3019,75,50
2184,73,3471,67,44
2185,73,3308,91,0
2186,73,903,57,75
2187,73,1633,100,80
2188,73,8,78,25
2189,73,2945,69,0
2190,73,221,94,75
2191,73,3639,72,90
2192,73,677,97,44
2193,73,157,64,90
2194,73,2891,64,75
2195,73,538,90,0
2196,73,3698,117,68
2197,73,785,92,44
2198,74,2479,68,44
2199,74,554,50,90
2200,74,3526,51,0
2201,74,2803,95,44
2202,74,1386,74,50
2203,74,97,92,90
2204,74,3696,114,68
2205,74,3534,52,75
2206,74,112,87,99
2207,74,2758,92,75
2208,74,415,94,75
2209,74,1442,74,80
2210,74,1965,80,99
2211,74,198,99,44
2212,74,3704,116,25
2213,74,1678,66,44
2214,74,2198,60,90
2215,74,1313,71,50
2216,74,2078,74,50
2217,74,798,55,44
2218,74,742,51,50
2219,74,1278,78,80
2220,74,839,81,0
2221,74,2743,54,80
2222,74,3187,78,50
2223,74,2568,65,80
2224,74,2829,99,25
2225,74,1384,59,50
2226,74,1738,71,80
2227,74,2679,81,0
2228,74,776,74,25
2229,74,1994,99,99
2230,74,1315,57,90
2231,74,557,55,80
2232,74,2890,77,50
2233,74,3602,86,80
2234,74,2008,97,90
2235,74,1236,95,50
2236,74,533,84,44
2237,74,1317,81,0
2238,74,119,87,44
2239,74,42,77,0
2240,74,3139,83,44
2241,74,2019,72,44
2242,75,3041,82,25
2243,75,1122,85,50
2244,75,1908,81,44
2245,75,1863,55,50
2246,75,2635,89,90
2247,75,3112,97,80
2248,75,1527,83,75
2249,75,980,98,80
2250,75,2552,54,90
2251,75,3060,90,25
2252,75,1589,67,0
2253,75,1052,62,90
2254,75,1860,71,80
2255,75,3505,77,90
2256,75,933,82,80
2257,75,2139,82,80
2258,75,363,62,44
2259,75,1767,61,99
2260,75,711,74,99
2261,75,724,81,0
2262,75,3417,77,99
2263,75,249,75,99
2264,75,1081,96,99
2265,75,1427,83,75
2266,75,501,96,80
2267,75,3164,58,75
2268,75,1346,65,90
2269,75,1356,58,44
2270,75,1935,56,50
2271,75,1455,53,25
2272,75,2302,77,75
2273,76,2051,62,99
2274,76,1966,58,50
2275,76,1202,98,0
2276,76,1810,78,44
2277,76,1963,97,99
2278,76,3628,87,80
2279,76,1301,55,25
2280,76,1150,74,99
2281,76,3230,98,80
2282,76,2878,62,44
2283,76,1979,55,90
2284,76,2162,86,25
2285,76,1969,89,75
2286,76,1078,65,0
2287,76,3496,62,90
2288,76,534,80,75
2289,76,2984,100,75
2290,76,3225,62,50
2291,76,915,75,25
2292,76,2404,98,80
2293,76,3609,74,44
2294,76,2373,97,44
2295,76,1563,61,99
2296,76,3172,53,99
2297,76,2086,79,0
2298,76,1936,69,75
2299,76,3542,76,44
2300,76,3133,51,25
2301,76,93,100,44
2302,77,2938,60,0
2303,77,2839,80,0
2304,77,2277,90,99
2305,77,3475,78,75
2306,77,1402,70,99
2307,77,1494,97,50
2308,77,1545,93,25
2309,77,2957,57,0
2310,77,1952,97,25
2311,77,1968,71,90
2312,77,2790,100,0
2313,77,1271,53,50
2314,77,3338,75,44
2315,77,43,90,75
2316,77,2455,98,50
2317,77,3144,62,75
2318,77,1582,96,80
2319,77,819,96,80
2320,77,419,74,0
2321,77,858,65,90
2322,77,103,51,0
2323,77,1365,65,50
2324,77,1505,60,99
2325,77,3598,69,25
2326,77,2336,91,44
2327,77,1680,60,99
2328,77,3023,57,90
2329,77,2227,85,44
2330,77,1285,68,0
2331,78,1503,72,50
2332,78,2139,96,90
2333,78,303,96,50
2334,78,635,98,75
2335,78,1698,59,50
2336,78,2166,96,90
2337,78,450,55,0
2338,78,3340,79,90
2339,78,3496,86,99
2340,78,99,89,90
2341,78,406,57,0
2342,78,440,84,99
2343,78,1450,73,25
2344,78,1522,67,25
2345,78,2993,54,50
2346,78,1133,83,99
2347,78,2737,71,80
2348,78,3358,85,50
2349,78,565,58,90
2350,78,3479,72,80
2351,78,319,51,90
2352,78,577,68,90
2353,78,3250,73,80
2354,78,3561,55,75
2355,78,1659,77,90
2356,78,3478,66,99
2357,78,1278,52,25
2358,78,3551,63,90
2359,78,1660,79,99
2360,78,3343,72,80
2361,78,3359,88,50
2362,78,3357,67,99
2363,78,2452,96,75
2364,78,1022,98,25
2365,78,2956,98,0
2366,79,1271,78,75
2367,79,3015,96,50
2368,79,646,75,90
2369,79,29,93,80
2370,79,1598,58,80
2371,79,2713,73,44
2372,79,3485,78,75
2373,79,378,100,25
2374,79,2184,99,44
2375,79,2910,90,50
2376,79,3328,77,75
2377,79,3445,66,0
2378,79,1577,68,80
2379,79,2205,57,75
2380,79,1075,91,90
2381,79,3513,52,0
2382,79,568,72,99
2383,79,1041,86,99
2384,79,2784,66,0
2385,79,2682,74,0
2386,79,3632,72,99
2387,79,985,51,90
2388,79,1214,60,44
2389,79,2372,99,90
2390,79,2873,90,75
2391,79,1055,50,25
2392,79,1178,60,80
2393,79,1024,84,80
2394,79,1015,85,75
2395,79,209,86,0
2396,8,1667,64,0
2397,8,3517,75,99
2398,8,243,56,90
2399,8,1575,88,80
2400,8,1681,80,80
2401,8,780,91,44
2402,8,3162,83,90
2403,8,1428,56,80
2404,8,1572,75,75
2405,8,614,50,25
2406,8,2953,57,80
2407,8,2772,61,90
2408,8,3231,60,0
2409,8,7,89,75
2410,8,2123,52,99
2411,8,25,55,0
2412,8,3169,71,90
2413,8,724,75,90
2414,8,2594,63,0
2415,8,2424,99,75
2416,8,476,68,99
2417,80,650,62,90
2418,80,2828,72,99
2419,80,3677,81,80
2420,80,1526,52,80
2421,80,3570,90,0
2422,80,1486,71,99
2423,80,2985,51,0
2424,80,970,66,99
2425,80,1333,53,80
2426,80,3548,62,75
2427,80,3431,54,44
2428,80,3386,86,25
2429,80,1589,91,0
2430,80,863,66,25
2431,80,1565,52,0
2432,80,1992,63,80
2433,80,1991,91,44
2434,80,3687,61,75
2435,80,3423,91,50
2436,80,505,84,80
2437,80,217,58,90
2438,80,3048,100,90
2439,80,751,55,99
2440,80,1633,97,0
2441,80,3726,129,50
2442,80,121,57,25
2443,80,2019,90,44
2444,80,2928,77,75
2445,80,12,59,44
2446,80,503,65,99
2447,80,3300,83,25
2448,80,1854,52,99
2449,80,1241,57,75
2450,81,2905,84,50
2451,81,1267,93,90
2452,81,2645,60,25
2453,81,716,64,90
2454,81,2545,54,99
2455,81,1465,96,80
2456,81,3712,144,80
2457,81,2560,57,75
2458,81,3590,66,99
2459,81,66,74,0
2460,81,997,89,50
2461,81,2416,53,0
2462,81,503,76,0
2463,81,700,81,0
2464,81,378,53,90
2465,81,106,93,90
2466,81,2232,72,0
2467,81,860,94,25
2468,81,2030,51,90
2469,81,1799,88,50
2470,81,3362,65,0
2471,81,843,86,90
2472,81,566,79,99
2473,81,3323,57,75
2474,81,1209,59,90
2475,81,2889,87,90
2476,81,466,92,50
2477,81,3515,55,80
2478,81,1175,55,80
2479,81,2660,72,80
2480,81,2964,64,75
2481,81,502,89,0
2482,81,1317,91,99
2483,81,2298,78,44
2484,82,2835,53,75
2485,82,260,76,80
2486,82,3507,75,80
2487,82,2954,96,75
2488,82,2898,99,44
2489,82,561,66,99
2490,82,1255,80,50
2491,82,3561,80,75
2492,82,1912,72,80
2493,82,363,95,25
2494,82,2471,55,75
2495,82,212,91,80
2496,82,2745,89,75
2497,82,25,57,90
2498,82,3615,87,50
2499,82,1454,73,25
2500,82,166,61,90
2501,82,210,97,90
2502,82,336,85,80
2503,82,3604,92,44
2504,82,268,50,99
2505,82,3377,51,99
2506,82,576,76,44
2507,82,2068,89,99
2508,82,1120,79,99
2509,83,2529,96,25
2510,83,535,71,50
2511,83,3647,92,80
2512,83,3621,66,75
2513,83,2690,96,75
2514,83,1199,54,44
2515,83,867,74,0
2516,83,2479,66,44
2517,83,1747,50,80
2518,83,2804,69,44
2519,83,2671,94,50
2520,83,1662,60,90
2521,83,268,93,75
2522,83,614,74,25
2523,83,2674,89,90
2524,83,2170,89,99
2525,83,53,95,44
2526,83,1521,87,44
2527,83,859,58,44
2528,83,3568,68,50
2529,83,3070,51,0
2530,83,2339,60,44
2531,83,1453,55,25
2532,83,2310,98,80
2533,84,3517,70,44
2534,84,3618,64,75
2535,84,807,78,75
2536,84,3051,68,25
2537,84,55,82,80
2538,84,3186,97,44
2539,84,545,67,50
2540,84,686,73,75
2541,84,510,69,80
2542,84,472,87,50
2543,84,2662,54,90
2544,84,3292,83,44
2545,84,1435,78,80
2546,84,520,99,44
2547,84,3180,51,90
2548,84,3011,74,25
2549,84,2679,72,44
2550,84,241,73,25
2551,84,1496,92,44
2552,84,3311,95,75
2553,84,3282,84,90
2554,84,2824,61,99
2555,84,253,74,0
2556,84,598,85,75
2557,84,2218,59,0
2558,84,3167,67,0
2559,84,2730,58,80
2560,84,1974,81,0
2561,85,2155,68,50
2562,85,2569,95,99
2563,85,3225,98,80
2564,85,1179,91,75
2565,85,3199,73,44
2566,85,3428,94,0
2567,85,1867,67,75
2568,85,2864,60,44
2569,85,1614,77,44
2570,85,1790,77,90
2571,85,2312,84,50
2572,85,1054,58,50
2573,85,3662,87,25
2574,85,3648,72,44
2575,85,2873,91,0
2576,85,1870,74,80
2577,85,2271,76,90
2578,85,1456,67,80
2579,85,3515,78,90
2580,85,1569,74,25
2581,86,3693,95,50
2582,86,2039,80,25
2583,86,1248,69,25
2584,86,617,56,90
2585,86,2629,73,80
2586,86,3107,80,90
2587,86,2074,96,90
2588,86,2751,89,75
2589,86,3511,65,80
2590,86,2688,67,44
2591,86,653,76,90
2592,86,2973,65,25
2593,86,122,75,99
2594,86,2823,72,90
2595,86,1979,55,75
2596,86,1396,56,0
2597,86,736,75,50
2598,86,1686,100,80
2599,86,2759,87,80
2600,86,1765,89,50
2601,86,3708,148,44
2602,86,3380,62,80
2603,86,2170,84,44
2604,86,166,69,25
2605,87,752,98,50
2606,87,826,54,50
2607,87,2662,94,0
2608,87,1785,80,90
2609,87,1509,66,90
2610,87,3353,84,75
2611,87,3651,95,75
2612,87,827,83,25
2613,87,2353,71,99
2614,87,1589,71,0
2615,87,750,58,99
2616,87,1902,51,75
2617,87,3411,64,99
2618,87,3263,63,80
2619,87,236,67,50
2620,87,1575,85,0
2621,87,2180,59,80
2622,87,3598,76,99
2623,87,948,98,90
2624,87,931,65,25
2625,87,1194,75,75
2626,87,3683,57,75
2627,87,351,66,44
2628,87,2791,66,44
2629,87,1765,98,0
2630,87,314,77,75
2631,88,516,61,90
2632,88,3641,54,90
2633,88,846,73,80
2634,88,2717,56,99
2635,88,1057,60,75
2636,88,2115,75,25
2637,88,3544,77,44
2638,88,21,77,44
2639,88,1109,75,25
2640,88,2018,69,25
2641,88,1946,66,44
2642,88,607,91,99
2643,88,3085,93,99
2644,88,2983,97,80
2645,88,1986,100,44
2646,88,649,96,90
2647,88,1678,97,80
2648,88,456,94,0
2649,88,692,73,75
2650,88,1406,52,0
2651,88,765,75,0
2652,88,1479,88,90
2653,88,3456,71,90
2654,88,3326,94,25
2655,88,2096,83,90
2656,88,2910,91,90
2657,88,2994,50,50
2658,88,2974,59,80
2659,88,1309,75,0
2660,88,1596,88,0
2661,88,963,61,25
2662,88,964,91,90
2663,88,27,69,90
2664,88,3319,81,0
2665,88,1955,65,44
2666,88,2661,66,75
2667,89,1578,54,25
2668,89,1449,60,90
2669,89,2445,86,75
2670,89,2580,60,75
2671,89,3373,69,0
2672,89,3101,90,99
2673,89,1146,63,80
2674,89,584,58,50
2675,89,1337,69,90
2676,89,670,81,90
2677,89,953,98,90
2678,89,23,80,75
2679,89,2687,81,25
2680,89,1335,99,75
2681,89,2741,94,90
2682,89,1417,62,75
2683,89,2766,87,25
2684,89,3351,65,0
2685,89,968,67,80
2686,89,2134,94,44
2687,89,3605,60,0
2688,89,1519,65,50
2689,89,1129,64,0
2690,89,2734,81,80
2691,89,3259,54,44
2692,89,243,84,50
2693,89,1824,73,90
2694,89,2052,52,75
2695,89,3378,85,0
2696,89,1720,65,44
2697,89,2707,52,80
2698,89,2080,70,75
2699,89,3578,91,80
2700,89,2553,72,25
2701,89,2277,85,90
2702,89,2565,82,80
2703,89,449,56,99
2704,89,1694,92,80
2705,9,2030,99,25
2706,9,3710,99,25
2707,9,3051,96,80
2708,9,3587,71,50
2709,9,2673,63,0
2710,9,2499,57,50
2711,9,2642,79,80
2712,9,587,85,80
2713,9,1057,88,50
2714,9,1916,54,25
2715,9,303,63,50
2716,9,3144,89,50
2717,9,614,72,25
2718,9,2355,65,90
2719,9,1312,56,75
2720,9,3055,63,90
2721,9,2931,78,99
2722,9,238,96,25
2723,9,3257,56,50
2724,9,611,79,80
2725,9,3271,68,80
2726,9,1660,51,50
2727,9,841,57,80
2728,9,739,53,99
2729,9,1259,93,44
2730,9,2832,71,44
2731,9,1115,90,80
2732,9,2892,78,80
2733,90,3272,93,75
2734,90,3311,53,0
2735,90,97,51,25
2736,90,1239,99,75
2737,90,2193,93,44
2738,90,1610,79,80
2739,90,3043,52,80
2740,90,303,63,99
2741,90,3455,82,50
2742,90,1767,77,90
2743,90,3465,50,0
2744,90,1814,72,50
2745,90,2175,61,80
2746,90,2405,78,0
2747,90,3145,100,25
2748,90,1660,88,50
2749,90,1556,66,44
2750,90,2033,79,0
2751,90,3326,87,99
2752,90,3374,95,99
2753,90,2597,69,50
2754,90,1856,79,0
2755,90,26,52,44
2756,90,1641,92,44
2757,90,3586,99,90
2758,91,2389,87,80
2759,91,1357,71,25
2760,91,2985,57,44
2761,91,407,59,25
2762,91,23,67,80
2763,91,3139,95,75
2764,91,483,99,0
2765,91,651,83,0
2766,91,3675,94,25
2767,91,2851,100,50
2768,91,1877,62,80
2769,91,1129,78,25
2770,91,2821,93,90
2771,91,1079,71,25
2772,91,1378,68,0
2773,91,362,96,25
2774,91,1391,65,75
2775,91,2570,62,75
2776,91,1071,98,50
2777,91,1848,73,50
2778,91,599,73,80
2779,91,1227,74,0
2780,91,2281,71,90
2781,91,1148,62,90
2782,92,1899,70,0
2783,92,2971,88,50
2784,92,3352,87,99
2785,92,2170,77,0
2786,92,1339,89,80
2787,92,2105,82,44
2788,92,3330,77,0
2789,92,1532,80,99
2790,92,2896,71,80
2791,92,3636,55,0
2792,92,816,52,0
2793,92,1940,91,99
2794,92,2237,54,25
2795,92,3051,66,50
2796,92,2635,91,90
2797,92,444,62,75
2798,92,930,88,44
2799,92,2174,94,80
2800,92,2243,57,0
2801,92,1741,91,44
2802,92,2979,77,0
2803,92,1329,64,25
2804,92,2357,86,50
2805,92,2137,87,75
2806,92,3577,72,99
2807,92,2646,87,50
2808,92,693,92,80
2809,92,3224,83,80
2810,92,3642,62,25
2811,92,2600,71,25
2812,92,2363,69,75
2813,92,3504,88,90
2814,92,1958,88,90
2815,92,1512,65,80
2816,92,3459,52,90
2817,93,2036,97,44
2818,93,1136,82,99
2819,93,2415,56,80
2820,93,1805,73,0
2821,93,3267,67,99
2822,93,435,63,25
2823,93,894,70,0
2824,93,3548,94,50
2825,93,3427,50,90
2826,93,1474,56,0
2827,93,767,91,90
2828,93,3186,93,99
2829,93,3101,50,80
2830,93,531,88,0
2831,93,1908,89,0
2832,93,1012,64,80
2833,93,1857,69,99
2834,93,1193,60,99
2835,93,3446,70,75
2836,93,665,64,99
2837,93,1317,77,44
2838,93,1473,59,75
2839,93,2681,57,44
2840,93,1019,65,80
2841,93,2006,64,75
2842,93,3669,66,25
2843,93,2044,74,0
2844,93,608,87,80
2845,93,2310,67,0
2846,93,1296,64,50
2847,93,2599,69,75
2848,93,1816,77,50
2849,93,3442,90,80
2850,93,2336,91,75
2851,94,3187,62,75
2852,94,3507,99,90
2853,94,2982,80,75
2854,94,1326,62,44
2855,94,3102,71,0
2856,94,984,93,50
2857,94,2362,57,50
2858,94,562,62,99
2859,94,3674,68,25
2860,94,2129,72,44
2861,94,576,57,99
2862,94,1500,80,99
2863,94,800,89,50
2864,94,1380,93,99
2865,94,3091,78,80
2866,94,1389,73,44
2867,94,3659,53,75
2868,94,1171,61,0
2869,94,158,54,50
2870,94,489,88,44
2871,94,2286,71,44
2872,94,3726,53,44
2873,94,2817,65,80
2874,94,567,93,80
2875,94,3195,70,80
2876,94,1895,100,90
2877,94,302,54,80
2878,94,3156,87,25
2879,94,2289,98,80
2880,94,2308,60,0
2881,94,1533,72,44
2882,94,1391,76,99
2883,94,2526,58,0
2884,94,2742,72,99
2885,94,2919,60,75
2886,94,1097,84,25
2887,94,173,70,75
2888,94,1156,60,75
2889,94,1280,83,25
2890,94,3161,99,25
2891,94,122,71,75
2892,94,2825,60,75
2893,95,3530,91,75
2894,95,2059,73,90
2895,95,1479,58,50
2896,95,2668,96,44
2897,95,2506,97,44
2898,95,3664,59,25
2899,95,3573,93,25
2900,95,413,61,44
2901,95,259,98,80
2902,95,1862,86,90
2903,95,1132,69,75
2904,95,2466,85,25
2905,95,159,89,50
2906,95,2169,95,90
2907,95,1974,100,0
2908,95,1721,52,0
2909,95,93,81,90
2910,95,121,77,0
2911,95,2426,55,50
2912,95,595,83,99
2913,95,3035,78,90
2914,95,2155,52,80
2915,95,410,52,44
2916,95,3720,99,80
2917,95,485,86,75
2918,95,1914,88,44
2919,95,1615,62,90
2920,95,338,67,99
2921,95,2534,63,80
2922,95,506,92,99
2923,95,1926,92,44
2924,95,1436,88,80
2925,96,796,56,90
2926,96,3046,88,90
2927,96,452,79,0
2928,96,2014,98,80
2929,96,3671,61,75
2930,96,2385,80,44
2931,96,767,89,75
2932,96,2459,92,99
2933,96,1859,51,90
2934,96,524,88,90
2935,96,1719,85,25
2936,96,3634,96,0
2937,96,708,88,0
2938,96,779,88,99
2939,96,1319,53,80
2940,96,1376,77,44
2941,96,690,82,80
2942,96,1374,76,90
2943,96,3323,54,25
2944,96,315,94,44
2945,96,2495,77,44
2946,96,1807,57,80
2947,96,2944,73,44
2948,96,3067,95,25
2949,96,2746,74,99
2950,97,2568,97,90
2951,97,3405,98,90
2952,97,3285,65,90
2953,97,1435,62,75
2954,97,2506,65,80
2955,97,1198,83,25
2956,97,2743,72,75
2957,97,1193,96,99
2958,97,402,53,90
2959,97,1886,58,75
2960,97,3017,78,50
2961,97,1438,98,44
2962,97,45,72,50
2963,97,3569,51,25
2964,97,636,75,44
2965,97,655,76,0
2966,97,1528,66,80
2967,97,1654,71,44
2968,97,1296,51,44
2969,97,1372,92,25
2970,97,215,51,80
2971,97,228,85,25
2972,97,710,82,50
2973,97,1076,84,25
2974,97,1148,54,99
2975,97,2084,98,0
2976,97,3124,68,25
2977,97,3318,74,50
2978,97,1857,96,44
2979,97,806,59,99
2980,97,2810,76,50
2981,97,1875,99,50
2982,97,2798,60,90
2983,97,3670,55,50
2984,98,3483,51,50
2985,98,742,98,25
2986,98,343,68,90
2987,98,508,80,44
2988,98,229,90,99
2989,98,228,91,90
2990,98,2849,59,99
2991,98,1829,94,50
2992,98,1496,54,80
2993,98,2778,64,25
2994,98,3626,76,75
2995,98,2720,78,99
2996,98,871,98,25
2997,98,2893,89,80
2998,98,3203,95,75
2999,98,736,67,90
3000,98,3070,79,0
3001,98,2392,71,44
3002,98,112,88,99
3003,98,2468,69,99
3004,98,2655,74,75
3005,98,2385,85,25
3006,98,1934,83,75
3007,98,519,74,50
3008,98,720,97,44
3009,98,453,94,75
3010,98,3645,63,0
3011,98,3369,73,80
3012,98,2089,69,25
3013,98,3236,61,25
3014,98,3124,87,90
3015,99,813,93,90
3016,99,1550,87,25
3017,99,2429,61,75
3018,99,2217,81,44
3019,99,3718,120,0
3020,99,2391,77,80
3021,99,3440,99,75
3022,99,942,57,75
3023,99,638,52,25
3024,99,725,56,99
3025,99,1346,78,25
3026,99,3608,98,25
3027,99,1201,63,25
3028,99,3356,65,44
3029,99,1701,53,75
3030,99,615,81,99
3031,99,1884,92,0
3032,99,2014,65,99
3033,99,3487,92,90
3034,99,1785,81,90
3035,99,2928,69,90
3036,99,668,85,90
3037,99,2302,92,44
